,vso_intersec_ind,vs_intersec_ind,vs_passivized_intersec_ind,noun_intersec_ind,propn_intersec_ind,Источник
0,0.04006896551724138,0.12910344827586206,0.001793103448275862,0.906896551724138,0.3137241379310345,Внутр. дистракторы
1,0.0001379690949227373,0.004759933774834437,0.001793598233995585,0.25400110375275936,0.0024834437086092716,Внешн. дистракторы
